10/07/2016,12:35,AM,2,373,529,01-video.mp3
10/07/2016,12:35,AM,8,709,073,02-Billy.mp3
10/07/2016,12:35,AM,2,062,735,03-Billy.mp3
10/07/2016,12:35,AM,8,619,512,050909-1yuan.mp3
10/07/2016,12:35,AM,6,035,567,050909-2yuan.mp3
10/07/2016,01:05,AM,19,519,387,05222011yeh.mp3
10/07/2016,01:05,AM,6,677,349,05222011yeh.mp3
10/07/2016,12:28,AM,2,686,845,09-0712_Huang.mp3
10/07/2016,12:28,AM,3,059,341,09-0719_Chan.mp3
10/07/2016,12:28,AM,2,853,005,09-0726_Lin.mp3
10/07/2016,12:28,AM,787,416,,09-0802_huang.mp3
10/07/2016,12:28,AM,2,510,381,09-0927_Chen.mp3
10/07/2016,12:28,AM,4,383,935,09-1004Huang.mp3
10/07/2016,12:29,AM,4,197,173,091309-1chiu.mp3
10/07/2016,12:30,AM,6,672,272,091309-2chiu.mp3
10/07/2016,12:35,AM,3,993,912,10-0627Lin.mp3
10/07/2016,12:36,AM,3,965,379,10-0829Chan.mp3
10/07/2016,12:36,AM,3,482,930,10-1219Huang.mp3
10/07/2016,12:36,AM,5,716,689,10-1226Yeh.mp3
10/07/2016,12:37,AM,13,271,215,1M.mp3
10/07/2016,12:32,AM,6,712,037,20050904huang.mp3
10/07/2016,12:02,AM,1,353,881,20080106huang.mp3
10/07/2016,12:02,AM,1,603,445,20080113huang.mp3
10/07/2016,12:02,AM,3,136,624,20080120huang.mp3
10/07/2016,12:01,AM,1,665,047,20080203Huang.mp3
10/07/2016,12:02,AM,1,359,449,20080210huang.mp3
10/07/2016,12:02,AM,1,725,261,20080217huang.mp3
10/07/2016,12:02,AM,1,609,381,20080224chen.mp3
10/07/2016,12:03,AM,1,531,415,20080302huang.mp3
10/07/2016,12:03,AM,1,515,747,20080309huang.mp3
10/07/2016,12:05,AM,3,004,135,20080316lee.mp3
10/07/2016,12:03,AM,1,272,101,20080323huang.mp3
10/07/2016,12:02,AM,1,353,881,20080330dale.mp3
10/07/2016,12:03,AM,3,027,251,20080406huang.mp3
10/07/2016,12:01,AM,1,500,093,20080413Huang.mp3
10/07/2016,12:01,AM,1,349,612,20080420Huang.mp3
10/07/2016,12:02,AM,1,257,485,20080427chen.mp3
10/07/2016,12:03,AM,3,150,050,20080504huang.mp3
10/07/2016,12:01,AM,1,453,107,20080511Huang.mp3
10/07/2016,12:06,AM,1,469,453,20080518lin.mp3
10/07/2016,12:03,AM,1,582,931,20080525huang.mp3
10/07/2016,12:03,AM,2,465,614,20080601huang.mp3
10/07/2016,12:02,AM,1,664,007,20080608Huang.mp3
10/07/2016,12:02,AM,2,888,876,20080615Huang.mp3
10/07/2016,12:06,AM,2,847,111,20080622lin.mp3
10/07/2016,12:06,AM,1,474,637,20080629li.mp3
10/07/2016,12:03,AM,1,676,171,20080713huang.mp3
10/07/2016,12:06,AM,3,066,278,20080727lin.mp3
10/07/2016,12:03,AM,150,531,,20080803huang.mp3
10/07/2016,12:04,AM,2,178,562,20080817huang.mp3
10/07/2016,12:07,AM,2,781,834,20080824ye.mp3
10/07/2016,12:05,AM,1,376,849,20080831lee.mp3
10/07/2016,12:04,AM,1,659,133,20080907huang.mp3
10/07/2016,12:06,AM,4,524,975,20080914mission.mp3
10/07/2016,12:06,AM,2,879,479,20080921ng.mp3
10/07/2016,12:07,AM,1,737,725,20080928ye.mp3
10/07/2016,12:04,AM,1,320,521,20081005huang.mp3
10/07/2016,12:04,AM,6,510,710,20081012huang.mp3
10/07/2016,12:06,AM,1,478,117,20081019lin.mp3
10/07/2016,12:01,AM,2,731,380,20081026_RobertLin.mp3
10/07/2016,12:04,AM,7,714,643,20081102huang.mp3
10/07/2016,12:05,AM,5,255,656,20081109huang.mp3
10/07/2016,12:06,AM,1,244,307,20081116lin.mp3
10/07/2016,12:05,AM,6,205,321,20081207huang.mp3
10/07/2016,12:05,AM,5,638,042,20081214huang.mp3
10/07/2016,12:05,AM,1,486,817,20081221huang.mp3
10/07/2016,12:02,AM,6,363,698,20081228chen.mp3
10/07/2016,12:30,AM,6,968,194,20090104huang.mp3
10/07/2016,12:30,AM,2,657,546,20090111huang.mp3
10/07/2016,12:29,AM,2,978,480,20090118chen.mp3
10/07/2016,12:30,AM,1,659,773,20090125huang.mp3
10/07/2016,12:30,AM,3,180,255,20090201huang.mp3
10/07/2016,12:30,AM,3,118,413,20090208huang.mp3
10/07/2016,12:30,AM,5,241,127,20090215huang.mp3
10/07/2016,12:34,AM,1,474,985,20090222ye.mp3
10/07/2016,12:30,AM,2,314,757,20090301huang.mp3
10/07/2016,12:31,AM,3,142,374,20090308huang.mp3
10/07/2016,12:31,AM,5,482,806,20090315huang.mp3
10/07/2016,12:29,AM,1,360,195,20090329chen.mp3
10/07/2016,12:31,AM,4,973,618,20090412huang.mp3
10/07/2016,12:27,AM,2,817,915,20090419_Yeh.mp3
10/07/2016,12:35,AM,1,477,824,20090426zeng.mp3
10/07/2016,12:31,AM,5,367,350,20090503huang.mp3
10/07/2016,12:31,AM,5,015,883,20090524huang.mp3
10/07/2016,12:27,AM,2,854,107,20090531_Lin.mp3
10/07/2016,12:31,AM,1,849,510,20090607huang.mp3
10/07/2016,12:32,AM,6,442,576,20090621huang.mp3
10/07/2016,12:34,AM,1,354,636,20090628ye.mp3
10/07/2016,12:28,AM,2,579,323,20090809_Huang.mp3
10/07/2016,12:32,AM,1,426,004,20090830huang.mp3
10/07/2016,12:33,AM,3,329,776,20090906lee.mp3
10/07/2016,12:33,AM,6,475,404,20090920li.mp3
10/07/2016,12:34,AM,1,619,484,20091011ye.mp3
10/07/2016,12:35,AM,3,997,837,20091018yeh.mp3
10/07/2016,12:32,AM,3,016,765,20091025huang.mp3
10/07/2016,12:32,AM,5,066,383,20091101huang.mp3
10/07/2016,12:33,AM,5,575,602,20091108huang.mp3
10/07/2016,12:33,AM,5,773,722,20091115lin.mp3
10/07/2016,12:29,AM,5,688,507,20091122Huang.mp3
10/07/2016,12:29,AM,6,003,406,20091129chen.mp3
10/07/2016,12:33,AM,2,684,322,20091206huang.mp3
10/07/2016,12:34,AM,6,347,289,20091213lin.mp3
10/07/2016,12:33,AM,4,406,361,20091220huang.mp3
10/07/2016,12:34,AM,3,276,815,20091227ye.mp3
10/07/2016,12:46,AM,6,111,309,20100103huang.mp3
10/07/2016,12:46,AM,6,111,307,20100110huang.mp3
10/07/2016,12:45,AM,6,111,311,20100113chen.mp3
10/07/2016,12:46,AM,2,901,055,20100117huang.mp3
10/07/2016,12:52,AM,15,391,244,20100124yeh.mp3
10/07/2016,12:47,AM,2,875,557,20100207huang.mp3
10/07/2016,12:47,AM,5,632,368,20100214huang.mp3
10/07/2016,12:47,AM,3,656,979,20100221huang.mp3
10/07/2016,12:50,AM,5,884,139,20100228lin.mp3
10/07/2016,12:51,AM,6,329,631,20100307ou.mp3
10/07/2016,12:48,AM,6,804,139,20100314huang.mp3
10/07/2016,12:48,AM,5,875,303,20100321huang.mp3
10/07/2016,12:51,AM,5,559,180,20100328ye.mp3
10/07/2016,12:49,AM,15,801,727,20100404huang.mp3
10/07/2016,12:49,AM,4,834,790,20100411huang.mp3
10/07/2016,12:52,AM,5,651,040,20100418yeh.mp3
10/07/2016,12:46,AM,5,839,344,20100425chen.mp3
10/07/2016,12:49,AM,7,696,416,20100502huang.mp3
10/07/2016,12:49,AM,6,057,721,20100509huang.mp3
10/07/2016,12:50,AM,5,370,471,20100516lin.mp3
10/07/2016,12:52,AM,3,407,872,20100516yeh.mp3
10/07/2016,12:53,AM,9,695,092,20100516_.mp3
10/07/2016,12:49,AM,6,784,560,20100530huang.mp3
10/07/2016,12:49,AM,5,775,623,20100606huang.mp3
10/07/2016,12:49,AM,5,672,795,20100613huang.mp3
10/07/2016,12:49,AM,8,012,478,20100620huang.mp3
10/07/2016,12:49,AM,4,752,484,20100704huang.mp3
10/07/2016,12:49,AM,7,192,200,20100711huang.mp3
10/07/2016,12:53,AM,7,199,437,20100718yeh.mp3
10/07/2016,12:53,AM,6,022,949,20100725yeh.mp3
10/07/2016,12:36,AM,3,993,019,20100801GregNg.mp3
10/07/2016,12:49,AM,5,385,646,20100808huang.mp3
10/07/2016,12:49,AM,5,532,662,20100815huang.mp3
10/07/2016,12:46,AM,5,623,516,20100822chen.mp3
10/07/2016,12:29,AM,4,564,418,20100905Yuan_.mp3
10/07/2016,12:36,AM,5,155,339,20100912mexicanmission.mp3
10/07/2016,12:49,AM,5,745,311,20100919huang.mp3
10/07/2016,12:49,AM,6,109,398,20100926huang.mp3
10/07/2016,12:49,AM,2,950,038,20101003huang.mp3
10/07/2016,12:50,AM,9,538,272,20101008lin.mp3
10/07/2016,12:51,AM,7,490,055,20101010lin.mp3
10/07/2016,12:51,AM,6,320,622,20101010_.mp3
10/07/2016,12:53,AM,5,566,111,20101017yeh.mp3
10/07/2016,12:50,AM,5,149,643,20101024huang.mp3
10/07/2016,12:50,AM,8,868,136,20101102huang.mp3
10/07/2016,12:50,AM,5,952,943,20101114huang.mp3
10/07/2016,12:50,AM,5,955,430,20101121huang.mp3
10/07/2016,12:46,AM,5,143,966,20101128chen.mp3
10/07/2016,12:50,AM,1,516,050,20101205huang.mp3
10/07/2016,12:50,AM,900,390,,20101205_.mp3
10/07/2016,12:36,AM,5,773,081,20101212lin.mp3
10/07/2016,12:56,AM,6,531,279,20110102huang.mp3
10/07/2016,12:56,AM,6,770,055,20110109huang.mp3
10/07/2016,01:01,AM,5,950,390,20110116huang.mp3
10/07/2016,01:01,AM,1,801,122,20110123huang.mp3
10/07/2016,12:57,AM,5,642,426,20110130chen.mp3
10/07/2016,01:01,AM,3,728,428,20110206huang.mp3
10/07/2016,12:57,AM,7,399,820,20110213huang.mp3
10/07/2016,01:01,AM,5,641,789,20110220huang.mp3
10/07/2016,01:04,AM,6,302,470,20110227lin.mp3
10/07/2016,01:02,AM,3,947,245,20110306huang.mp3
10/07/2016,01:04,AM,6,667,854,20110313law.mp3
10/07/2016,01:02,AM,5,600,167,20110320huang.mp3
10/07/2016,12:57,AM,6,873,181,2011032611Yeh.mp3
10/07/2016,01:02,AM,2,635,823,20110403huang.mp3
10/07/2016,01:03,AM,6,171,908,20110410huang.mp3
10/07/2016,12:58,AM,5,170,472,20110417chen.mp3
10/07/2016,12:58,AM,5,748,436,20110424huang.mp3
10/07/2016,12:59,AM,6,004,686,20110501huang.mp3
10/07/2016,12:59,AM,5,574,320,20110508huang.mp3
10/07/2016,12:57,AM,1,660,874,2011051511Yeh.mp3
10/07/2016,01:03,AM,3,578,511,20110605huang.mp3
10/07/2016,12:59,AM,6,228,053,20110612huang.mp3
10/07/2016,01:04,AM,5,460,714,20110626lin.mp3
10/07/2016,01:00,AM,6,256,429,20110703huang.mp3
10/07/2016,01:00,AM,6,007,819,20110710huang.mp3
10/07/2016,01:05,AM,6,108,162,20110724yeh.mp3
10/07/2016,01:03,AM,1,862,311,20110807huang.mp3
10/07/2016,01:04,AM,5,409,605,20110828lin.mp3
10/07/2016,12:57,AM,3,610,949,20110904Bill.mp3
10/07/2016,01:05,AM,1,716,499,20110925yeh.mp3
10/07/2016,01:03,AM,1,836,211,20111002huang.mp3
10/07/2016,01:05,AM,6,891,806,20111023yeh.mp3
10/07/2016,01:03,AM,3,760,561,20111106huang.mp3
10/07/2016,01:04,AM,3,591,420,20111204huang.mp3
10/07/2016,01:04,AM,4,663,759,20111218huang.mp3
10/07/2016,12:34,AM,7,436,428,20140906sun.mp3
10/07/2016,12:32,AM,6,140,952,20160908huang.mp3
10/07/2016,12:03,AM,1,478,117,20230811huang.mp3
10/07/2016,12:34,AM,6,175,038,20230908ye.mp3
10/07/2016,12:02,AM,1,540,107,20300811chen.mp3

